message,category
I'm having trouble logging into my account.,access
"My payment was declined, but I have sufficient funds.",billing
The website is not loading properly on my browser.,technical
How do I update my account information?,access
I can't access my recent order history.,access
I received an error message when trying to process a payment.,technical
I need help understanding my subscription plan details.,billing
Is there a way to reset my password without my email?,access
How can I contact customer support outside of business hours?,general
I'm having trouble navigating through the mobile app.,technical
